arm,seed,valve,horizon,seconds,response,day_ci_low,day_ci_high,n_windows,unsupported,dose_min,dose_max
blackbox_itransformer,0,1,1,10,-6.799942407852563e-05,-8.811168181590545e-05,-4.616566193409454e-05,64,0,0.04999999701976776,0.050000011920928955
blackbox_itransformer,0,1,2,20,-0.00015000563401442309,-0.00020102672087840545,-0.00011140089768629811,64,0,0.04999999701976776,0.050000011920928955
blackbox_itransformer,0,1,3,30,-0.00010434664212740385,-0.0001262185512444912,-7.940928141276043e-05,64,0,0.04999999701976776,0.050000011920928955
blackbox_itransformer,0,1,4,40,8.568396935096157e-06,-4.659603803585737e-05,4.898462540064102e-05,64,0,0.04999999701976776,0.050000011920928955
blackbox_itransformer,0,1,5,50,-5.6027143429487184e-05,-0.00011300893930288463,-5.770952273637837e-06,64,0,0.04999999701976776,0.050000011920928955
blackbox_itransformer,0,1,6,60,-3.615159254807693e-05,-8.641952123397434e-05,1.2555244641426252e-05,64,0,0.04999999701976776,0.050000011920928955
blackbox_itransformer,0,1,7,70,2.820919721554487e-05,-5.4700802534054506e-05,9.86001430413662e-05,64,0,0.04999999701976776,0.050000011920928955
blackbox_itransformer,0,1,8,80,-0.0002892127403846154,-0.0004091116098257211,-0.00017996763571714741,64,0,0.04999999701976776,0.050000011920928955
blackbox_itransformer,0,1,9,90,-0.0003684410682091345,-0.00048259637294671465,-0.00026752080672826523,64,0,0.04999999701976776,0.050000011920928955
blackbox_itransformer,0,1,10,100,-0.00033244597606169865,-0.0004453805776742789,-0.00023831685384114584,64,0,0.04999999701976776,0.050000011920928955
blackbox_itransformer,0,1,11,110,-0.00041856032151442305,-0.0005786602313701923,-0.00027565198066907055,64,0,0.04999999701976776,0.050000011920928955
blackbox_itransformer,0,1,12,120,-0.00047959547776442305,-0.0006482324844751602,-0.0003353510147485978,64,0,0.04999999701976776,0.050000011920928955
blackbox_itransformer,0,1,13,130,-0.0003854213616786859,-0.0005705857888246193,-0.00023140931740785263,64,0,0.04999999701976776,0.050000011920928955
blackbox_itransformer,0,1,14,140,-0.00042744171925080125,-0.0006866279015174279,-0.00021588252140925486,64,0,0.04999999701976776,0.050000011920928955
blackbox_itransformer,0,1,15,150,-0.00032735971304086533,-0.000578440152681791,-0.00012886829865284453,64,0,0.04999999701976776,0.050000011920928955
blackbox_itransformer,0,1,16,160,-0.00024840526091746796,-0.000512101589105068,-3.3587920360076144e-05,64,0,0.04999999701976776,0.050000011920928955
blackbox_itransformer,0,1,17,170,-0.00024398412459935895,-0.000503986065204327,-3.9275731795873464e-05,64,0,0.04999999701976776,0.050000011920928955
blackbox_itransformer,0,1,18,180,1.2911283052884603e-05,-0.0002875303610777244,0.0002450287647736377,64,0,0.04999999701976776,0.050000011920928955
blackbox_itransformer,0,2,1,10,0.00016948993389423082,0.00014749771509415066,0.00019500145545372596,64,0,0.04999998211860657,0.050000011920928955
blackbox_itransformer,0,2,2,20,0.000164794921875,0.0001271526630108173,0.0001971142108623798,64,0,0.04999998211860657,0.050000011920928955
blackbox_itransformer,0,2,3,30,0.0002551739032451923,0.0002347447321965144,0.0002786567883613782,64,0,0.04999998211860657,0.050000011920928955
blackbox_itransformer,0,2,4,40,0.000496223645332532,0.0004620625422551081,0.0005393923245943509,64,0,0.04999998211860657,0.050000011920928955
blackbox_itransformer,0,2,5,50,0.0005859375,0.0005029766376201922,0.0006804793920272436,64,0,0.04999998211860657,0.050000011920928955
blackbox_itransformer,0,2,6,60,0.0006577320587940704,0.0005355766492012219,0.0008040990584935898,64,0,0.04999998211860657,0.050000011920928955
blackbox_itransformer,0,2,7,70,0.0008948692908653846,0.0007652869591346154,0.0010449844751602563,64,0,0.04999998211860657,0.050000011920928955
blackbox_itransformer,0,2,8,80,0.0006680219601362178,0.0004937489827473958,0.0008714900872646233,64,0,0.04999998211860657,0.050000011920928955
blackbox_itransformer,0,2,9,90,0.0006804637419871795,0.00047555189866286054,0.0009293091602814505,64,0,0.04999998211860657,0.050000011920928955
blackbox_itransformer,0,2,10,100,0.0008735069861778845,0.0006111947084084536,0.0011896358392177483,64,0,0.04999998211860657,0.050000011920928955
blackbox_itransformer,0,2,11,110,0.0008175972180488781,0.0005550726866110777,0.0011477015568659857,64,0,0.04999998211860657,0.050000011920928955
blackbox_itransformer,0,2,12,120,0.0009740193684895835,0.0006906538743239181,0.0013314212896885014,64,0,0.04999998211860657,0.050000011920928955
blackbox_itransformer,0,2,13,130,0.0010324722681290064,0.0007151236900916466,0.001418785682091346,64,0,0.04999998211860657,0.050000011920928955
blackbox_itransformer,0,2,14,140,0.001039397410857372,0.0007393352801983173,0.0014068642640725157,64,0,0.04999998211860657,0.050000011920928955
blackbox_itransformer,0,2,15,150,0.0011261768830128206,0.000797754923502604,0.0015352806678185095,64,0,0.04999998211860657,0.050000011920928955
blackbox_itransformer,0,2,16,160,0.0012148343599759615,0.0008556072528545673,0.0016520084478916265,64,0,0.04999998211860657,0.050000011920928955
blackbox_itransformer,0,2,17,170,0.001180599897335737,0.0008251336904672474,0.0016023000081380205,64,0,0.04999998211860657,0.050000011920928955
blackbox_itransformer,0,2,18,180,0.001334987542568109,0.0009737719022310698,0.001765012496556991,64,0,0.04999998211860657,0.050000011920928955
blackbox_itransformer,1,1,1,10,-0.00013134296123798076,-0.00016952025584685492,-9.221101418519631e-05,64,0,0.04999999701976776,0.050000011920928955
blackbox_itransformer,1,1,2,20,-6.999480418669871e-05,-0.00010619139059995994,-3.222734500200322e-05,64,0,0.04999999701976776,0.050000011920928955
blackbox_itransformer,1,1,3,30,-3.2865084134615353e-06,-4.5402722480969544e-05,4.092485476762821e-05,64,0,0.04999999701976776,0.050000011920928955
blackbox_itransformer,1,1,4,40,-0.00011639717297676281,-0.0001665193606645633,-6.570180257161461e-05,64,0,0.04999999701976776,0.050000011920928955
blackbox_itransformer,1,1,5,50,3.4821339142628203e-05,-2.590081630608974e-05,8.976080478766025e-05,64,0,0.04999999701976776,0.050000011920928955
blackbox_itransformer,1,1,6,60,9.687374799679485e-05,3.424620017027244e-05,0.00015338604266826924,64,0,0.04999999701976776,0.050000011920928955
blackbox_itransformer,1,1,7,70,0.0001562656500400641,7.557404346955129e-05,0.000227972177358774,64,0,0.04999999701976776,0.050000011920928955
blackbox_itransformer,1,1,8,80,1.698029346955129e-05,-6.832024989983975e-05,9.624970264923878e-05,64,0,0.04999999701976776,0.050000011920928955
blackbox_itransformer,1,1,9,90,-7.081643129006412e-06,-9.742736816406248e-05,7.328326885516827e-05,64,0,0.04999999701976776,0.050000011920928955
blackbox_itransformer,1,1,10,100,-3.309983473557692e-05,-0.0001407818916516426,6.152617625701119e-05,64,0,0.04999999701976776,0.050000011920928955
blackbox_itransformer,1,1,11,110,4.483736478365385e-05,-7.318741235977564e-05,0.0001493131197415865,64,0,0.04999999701976776,0.050000011920928955
blackbox_itransformer,1,1,12,120,-2.026680188301281e-05,-0.00016121693146534452,9.578802646734776e-05,64,0,0.04999999701976776,0.050000011920928955
blackbox_itransformer,1,1,13,130,-4.1355230869391035e-05,-0.00017976125081380206,7.819151267027237e-05,64,0,0.04999999701976776,0.050000011920928955
blackbox_itransformer,1,1,14,140,0.00011479304387019236,-3.04275903946314e-05,0.00024265387119391023,64,0,0.04999999701976776,0.050000011920928955
blackbox_itransformer,1,1,15,150,6.940792768429488e-05,-8.92443534655449e-05,0.0002052581004607372,64,0,0.04999999701976776,0.050000011920928955
blackbox_itransformer,1,1,16,160,8.861835186298077e-05,-7.837148813100961e-05,0.00023272000826322117,64,0,0.04999999701976776,0.050000011920928955
blackbox_itransformer,1,1,17,170,-5.008012820512821e-05,-0.0002449348645332532,0.0001285103039863782,64,0,0.04999999701976776,0.050000011920928955
blackbox_itransformer,1,1,18,180,-2.5353064903846165e-05,-0.0002370981069711538,0.0001735745943509615,64,0,0.04999999701976776,0.050000011920928955
blackbox_itransformer,1,2,1,10,-0.00015039688501602562,-0.0001818710718399439,-0.0001176002698066907,64,0,0.04999998211860657,0.050000011920928955
blackbox_itransformer,1,2,2,20,-0.00013110821063701923,-0.0001669546274038461,-0.00010047325721153846,64,0,0.04999998211860657,0.050000011920928955
blackbox_itransformer,1,2,3,30,9.311773838141023e-06,-4.421136318108975e-05,5.5577204777644216e-05,64,0,0.04999998211860657,0.050000011920928955
blackbox_itransformer,1,2,4,40,2.0149426582532054e-05,-3.2100188426482365e-05,7.140624217497998e-05,64,0,0.04999998211860657,0.050000011920928955
blackbox_itransformer,1,2,5,50,0.0001743023212139423,9.235382080078125e-05,0.00024322509765624997,64,0,0.04999998211860657,0.050000011920928955
blackbox_itransformer,1,2,6,60,0.00030173277243589745,0.0002228057078826122,0.0003742198455028045,64,0,0.04999998211860657,0.050000011920928955
blackbox_itransformer,1,2,7,70,0.000419773199619391,0.0003234031872871595,0.0005023790017152443,64,0,0.04999998211860657,0.050000011920928955
blackbox_itransformer,1,2,8,80,0.0004024799053485576,0.0002989891247871595,0.0005001048552684295,64,0,0.04999998211860657,0.050000011920928955
blackbox_itransformer,1,2,9,90,0.00038373898237179486,0.0002542818509615384,0.0004951750926482371,64,0,0.04999998211860657,0.050000011920928955
blackbox_itransformer,1,2,10,100,0.0004602285531850961,0.0003068474011543469,0.0005934720161633614,64,0,0.04999998211860657,0.050000011920928955
blackbox_itransformer,1,2,11,110,0.0006132076948116987,0.0004559052296173878,0.0007538663423978366,64,0,0.04999998211860657,0.050000011920928955
blackbox_itransformer,1,2,12,120,0.0005538549178685897,0.0003575486403245192,0.0007188219901842948,64,0,0.04999998211860657,0.050000011920928955
blackbox_itransformer,1,2,13,130,0.0005853506234975961,0.0004062906901041666,0.0007336738782051281,64,0,0.04999998211860657,0.050000011920928955
blackbox_itransformer,1,2,14,140,0.0007576575646033653,0.0005624418992262621,0.0009144592285156249,64,0,0.04999998211860657,0.050000011920928955
blackbox_itransformer,1,2,15,150,0.0007630568284254808,0.0005465942774063502,0.0009396332960862379,64,0,0.04999998211860657,0.050000011920928955
blackbox_itransformer,1,2,16,160,0.0007491282927684295,0.0005077811999198718,0.0009477713169195711,64,0,0.04999998211860657,0.050000011920928955
blackbox_itransformer,1,2,17,170,0.0006047957982772436,0.00032645396697215544,0.0008572368132762421,64,0,0.04999998211860657,0.050000011920928955
blackbox_itransformer,1,2,18,180,0.0006781553610777245,0.0003856414403670874,0.0009438813038361378,64,0,0.04999998211860657,0.050000011920928955
blackbox_itransformer,2,1,1,10,5.5870643028846145e-05,1.7993633563701917e-05,9.486271784855767e-05,64,0,0.04999999701976776,0.050000011920928955
blackbox_itransformer,2,1,2,20,0.00023522010216346157,0.00020877153445512822,0.00027137951973157053,64,0,0.04999999701976776,0.050000011920928955
blackbox_itransformer,2,1,3,30,0.000225830078125,0.00019859900841346154,0.0002543131510416667,64,0,0.04999999701976776,0.050000011920928955
blackbox_itransformer,2,1,4,40,0.00026123829377003207,0.000218964601174379,0.000307616209372496,64,0,0.04999999701976776,0.050000011920928955
blackbox_itransformer,2,1,5,50,0.0002464490059094551,0.00020465361766326123,0.00029077970064603367,64,0,0.04999999701976776,0.050000011920928955
blackbox_itransformer,2,1,6,60,0.00019816863231169877,0.0001521457769931891,0.00024607731745793264,64,0,0.04999999701976776,0.050000011920928955
blackbox_itransformer,2,1,7,70,0.0004185994466145834,0.00036343892415364586,0.0004762571285932492,64,0,0.04999999701976776,0.050000011920928955
blackbox_itransformer,2,1,8,80,0.0002068544045472757,0.00014749478071163864,0.0002683668870192307,64,0,0.04999999701976776,0.050000011920928955
blackbox_itransformer,2,1,9,90,0.00013427734374999998,4.5604216746794875e-05,0.00022412813626802885,64,0,0.04999999701976776,0.050000011920928955
blackbox_itransformer,2,1,10,100,0.0002583430363581731,0.0001500731248121995,0.0003644845424554286,64,0,0.04999999701976776,0.050000011920928955
blackbox_itransformer,2,1,11,110,0.0002580691606570513,0.00016132843800080126,0.00034682053786057695,64,0,0.04999999701976776,0.050000011920928955
blackbox_itransformer,2,1,12,120,0.00016804230518830128,4.8702924679487184e-05,0.0002846517318334335,64,0,0.04999999701976776,0.050000011920928955
blackbox_itransformer,2,1,13,130,0.0002422234950921474,0.00010510860345302484,0.0003788141103891225,64,0,0.04999999701976776,0.050000011920928955
blackbox_itransformer,2,1,14,140,0.0002823267227564103,0.00013207068810096152,0.00042041093875200313,64,0,0.04999999701976776,0.050000011920928955
blackbox_itransformer,2,1,15,150,0.0004040840344551282,0.00024489573943309295,0.0005532406537960737,64,0,0.04999999701976776,0.050000011920928955
blackbox_itransformer,2,1,16,160,0.00027035444210737186,9.498596191406247e-05,0.00044837364783653844,64,0,0.04999999701976776,0.050000011920928955
blackbox_itransformer,2,1,17,170,0.00032223432491987173,0.00013264582707331733,0.0005156727326221956,64,0,0.04999999701976776,0.050000011920928955
blackbox_itransformer,2,1,18,180,0.00030486278044871795,9.512681227463943e-05,0.0005204655573918268,64,0,0.04999999701976776,0.050000011920928955
blackbox_itransformer,2,2,1,10,9.863437750400641e-05,6.066542405348558e-05,0.00013866131122295671,64,0,0.04999998211860657,0.050000011920928955
blackbox_itransformer,2,2,2,20,0.0002514178936298077,0.00022997733874198723,0.00028116275102664257,64,0,0.04999998211860657,0.050000011920928955
blackbox_itransformer,2,2,3,30,0.000238193609775641,0.00021165309808193107,0.000268243642953726,64,0,0.04999998211860657,0.050000011920928955
blackbox_itransformer,2,2,4,40,0.00027317144931891026,0.00023647014911358174,0.000314176510541867,64,0,0.04999998211860657,0.050000011920928955
blackbox_itransformer,2,2,5,50,0.00031487880608974356,0.00028170072115384613,0.000346977038261218,64,0,0.04999998211860657,0.050000011920928955
blackbox_itransformer,2,2,6,60,0.00028091821915064106,0.0002445220947265625,0.0003188695663060897,64,0,0.04999998211860657,0.050000011920928955
blackbox_itransformer,2,2,7,70,0.0004967322716346154,0.0004509363418970352,0.0005447289882562099,64,0,0.04999998211860657,0.050000011920928955
blackbox_itransformer,2,2,8,80,0.00020814553285256412,0.00015610914963942306,0.00026332170535356566,64,0,0.04999998211860657,0.050000011920928955
blackbox_itransformer,2,2,9,90,0.00011882292918669872,5.318568303034856e-05,0.00019375043037610175,64,0,0.04999998211860657,0.050000011920928955
blackbox_itransformer,2,2,10,100,0.00021072778946314098,0.00012973296336638625,0.00029508150540865383,64,0,0.04999998211860657,0.050000011920928955
blackbox_itransformer,2,2,11,110,0.00019343449519230768,0.00010860345302483972,0.00028373913887219546,64,0,0.04999998211860657,0.050000011920928955
blackbox_itransformer,2,2,12,120,0.00012167906149839744,2.2346300956530455e-05,0.00023045662121895034,64,0,0.04999998211860657,0.050000011920928955
blackbox_itransformer,2,2,13,130,0.00013541197165464742,2.1519783215645034e-05,0.0002596067770933493,64,0,0.04999998211860657,0.050000011920928955
blackbox_itransformer,2,2,14,140,0.00017551519931891026,5.5547860952524044e-05,0.00030881441556490386,64,0,0.04999998211860657,0.050000011920928955
blackbox_itransformer,2,2,15,150,0.00023717635717147438,0.00010286184457632212,0.0003852863800831329,64,0,0.04999998211860657,0.050000011920928955
blackbox_itransformer,2,2,16,160,8.572309445112182e-05,-6.437252729366987e-05,0.000249933096078726,64,0,0.04999998211860657,0.050000011920928955
blackbox_itransformer,2,2,17,170,0.00015090551131810898,-1.7997546073717942e-05,0.0003336774385892428,64,0,0.04999998211860657,0.050000011920928955
blackbox_itransformer,2,2,18,180,0.0001825968424479167,-3.359867976262013e-06,0.0003840999114207732,64,0,0.04999998211860657,0.050000011920928955
greybox_steady_none,0,1,1,10,1.999292618189103e-05,7.900335849859776e-06,3.5025767790965535e-05,64,0,0.04999999701976776,0.050000011920928955
greybox_steady_none,0,1,2,20,0.00016921605819310897,8.299998747996795e-05,0.0002591216258513621,64,0,0.04999999701976776,0.050000011920928955
greybox_steady_none,0,1,3,30,0.000432136731270032,0.00022699894049228768,0.000634924081655649,64,0,0.04999999701976776,0.050000011920928955
greybox_steady_none,0,1,4,40,0.0007649348332331731,0.0003825799012795472,0.001142576168744992,64,0,0.04999999701976776,0.050000011920928955
greybox_steady_none,0,1,5,50,0.0011245727539062498,0.000564585954715044,0.0016893455309745593,64,0,0.04999999701976776,0.050000011920928955
greybox_steady_none,0,1,6,60,0.0014872233072916667,0.0007494921561999198,0.002228589180188301,64,0,0.04999999701976776,0.050000011920928955
greybox_steady_none,0,1,7,70,0.001812274639423077,0.0009089347643729968,0.002715387588892227,64,0,0.04999999701976776,0.050000011920928955
greybox_steady_none,0,1,8,80,0.002120345678084936,0.0010347806490384618,0.0032080567188752,64,0,0.04999999701976776,0.050000011920928955
greybox_steady_none,0,1,9,90,0.0024164835611979163,0.0011930495042067307,0.0036512218377529044,64,0,0.04999999701976776,0.050000011920928955
greybox_steady_none,0,1,10,100,0.002707535181290064,0.001346210577549079,0.0040782732841296064,64,0,0.04999999701976776,0.050000011920928955
greybox_steady_none,0,1,11,110,0.0029726468599759613,0.0014814934363731967,0.004472994682116385,64,0,0.04999999701976776,0.050000011920928955
greybox_steady_none,0,1,12,120,0.003226803510616987,0.0015971002823267227,0.004879457522661259,64,0,0.04999999701976776,0.050000011920928955
greybox_steady_none,0,1,13,130,0.003474700145232372,0.0017174256153595754,0.0052525936028896235,64,0,0.04999999701976776,0.050000011920928955
greybox_steady_none,0,1,14,140,0.003703777606670673,0.001845676715557392,0.0055729323167067295,64,0,0.04999999701976776,0.050000011920928955
greybox_steady_none,0,1,15,150,0.003925108298277243,0.001966850085136218,0.005896385388496594,64,0,0.04999999701976776,0.050000011920928955
greybox_steady_none,0,1,16,160,0.004175469814202724,0.0020932740431565504,0.0062627655420547865,64,0,0.04999999701976776,0.050000011920928955
greybox_steady_none,0,1,17,170,0.004381893842648237,0.0021894445174779646,0.006588399838178586,64,0,0.04999999701976776,0.050000011920928955
greybox_steady_none,0,1,18,180,0.0046012682792467945,0.0022928482446915063,0.006907376020382613,64,0,0.04999999701976776,0.050000011920928955
greybox_steady_none,0,2,1,10,0.002543914012419872,0.0023880435258914253,0.0027270351312099358,64,0,0.04999998211860657,0.050000011920928955
greybox_steady_none,0,2,2,20,0.007743287697816507,0.007278312291854466,0.0082675043741862,64,0,0.04999998211860657,0.050000011920928955
greybox_steady_none,0,2,3,30,0.012664051544971956,0.011939396002353764,0.013512588892227563,64,0,0.04999998211860657,0.050000011920928955
greybox_steady_none,0,2,4,40,0.016620577298677882,0.01566906464405549,0.01770848787747897,64,0,0.04999998211860657,0.050000011920928955
greybox_steady_none,0,2,5,50,0.01968301626352164,0.018572095235188803,0.02095707722199269,64,0,0.04999998211860657,0.050000011920928955
greybox_steady_none,0,2,6,60,0.022061000726161857,0.020823068863306288,0.02348502525916466,64,0,0.04999998211860657,0.050000011920928955
greybox_steady_none,0,2,7,70,0.023908605331029644,0.02255461179293119,0.025439716241298576,64,0,0.04999998211860657,0.050000011920928955
greybox_steady_none,0,2,8,80,0.025401149651943115,0.023940956898224664,0.027069370563213638,64,0,0.04999998211860657,0.050000011920928955
greybox_steady_none,0,2,9,90,0.026621500651041664,0.02507691407815004,0.028387208596254005,64,0,0.04999998211860657,0.050000011920928955
greybox_steady_none,0,2,10,100,0.027641218136518434,0.02604362389980219,0.029482248746431794,64,0,0.04999998211860657,0.050000011920928955
greybox_steady_none,0,2,11,110,0.02853589180188301,0.026825185922475958,0.030499617747771435,64,0,0.04999998211860657,0.050000011920928955
greybox_steady_none,0,2,12,120,0.029306265024038453,0.027529926789112577,0.03134726891150841,64,0,0.04999998211860657,0.050000011920928955
greybox_steady_none,0,2,13,130,0.030004843687399838,0.028131442925868885,0.03214736058161809,64,0,0.04999998211860657,0.050000011920928955
greybox_steady_none,0,2,14,140,0.030590937687800485,0.028654056451259517,0.032834379734137116,64,0,0.04999998211860657,0.050000011920928955
greybox_steady_none,0,2,15,150,0.03115230462489984,0.029117356324807196,0.033501898936736274,64,0,0.04999998211860657,0.050000011920928955
greybox_steady_none,0,2,16,160,0.03169446113782051,0.029587261493389423,0.034121574988731966,64,0,0.04999998211860657,0.050000011920928955
greybox_steady_none,0,2,17,170,0.032158993452023235,0.029982420114370488,0.03465148827968499,64,0,0.04999998211860657,0.050000011920928955
greybox_steady_none,0,2,18,180,0.03258056640625,0.030307769775390625,0.03520336444561298,64,0,0.04999998211860657,0.050000011920928955
greybox_steady_none,1,1,1,10,2.3005558894230772e-05,7.355518830128205e-06,4.44500262920673e-05,64,0,0.04999999701976776,0.050000011920928955
greybox_steady_none,1,1,2,20,0.00014597574869791666,6.158290765224359e-05,0.00023157853346604564,64,0,0.04999999701976776,0.050000011920928955
greybox_steady_none,1,1,3,30,0.0004005627754407051,0.00018465677897135414,0.000617681650015024,64,0,0.04999999701976776,0.050000011920928955
greybox_steady_none,1,1,4,40,0.0007488152919671473,0.00037645486684945915,0.0011285126514923877,64,0,0.04999999701976776,0.050000011920928955
greybox_steady_none,1,1,5,50,0.0010593903370392627,0.000520031268780048,0.001602354783278245,64,0,0.04999999701976776,0.050000011920928955
greybox_steady_none,1,1,6,60,0.001371021759815705,0.0006773787278395433,0.002065597925430689,64,0,0.04999999701976776,0.050000011920928955
greybox_steady_none,1,1,7,70,0.0016901260767227565,0.0008313985971304086,0.0025480730105669072,64,0,0.04999999701976776,0.050000011920928955
greybox_steady_none,1,1,8,80,0.0019921327248597757,0.0009734315138596754,0.0030274229783278242,64,0,0.04999999701976776,0.050000011920928955
greybox_steady_none,1,1,9,90,0.002301103640825321,0.0011315507155198318,0.0034848178961338137,64,0,0.04999999701976776,0.050000011920928955
greybox_steady_none,1,1,10,100,0.002544540014022436,0.0012455593011318107,0.0038476405999599357,64,0,0.04999999701976776,0.050000011920928955
greybox_steady_none,1,1,11,110,0.002822132599659455,0.0013855176094250802,0.0042622042924929885,64,0,0.04999999701976776,0.050000011920928955
greybox_steady_none,1,1,12,120,0.003066860101161859,0.0015104166666666664,0.004633798843775041,64,0,0.04999999701976776,0.050000011920928955
greybox_steady_none,1,1,13,130,0.0033073229667467947,0.0016417283278245193,0.004974952110877403,64,0,0.04999999701976776,0.050000011920928955
greybox_steady_none,1,1,14,140,0.003528849283854167,0.0017480468749999998,0.0053078597631209925,64,0,0.04999999701976776,0.050000011920928955
greybox_steady_none,1,1,15,150,0.00375522711338141,0.0018556878505608973,0.005648905436197916,64,0,0.04999999701976776,0.050000011920928955
greybox_steady_none,1,1,16,160,0.003956838754507212,0.001924125475761218,0.005982795128455528,64,0,0.04999999701976776,0.050000011920928955
greybox_steady_none,1,1,17,170,0.00418705084385016,0.002053019205729167,0.006310053116235978,64,0,0.04999999701976776,0.050000011920928955
greybox_steady_none,1,1,18,180,0.004400986891526443,0.002161100338666867,0.006631145966358674,64,0,0.04999999701976776,0.050000011920928955
greybox_steady_none,1,2,1,10,0.0027308146158854163,0.0025660519722180484,0.0029162881313226164,64,0,0.04999998211860657,0.050000011920928955
greybox_steady_none,1,2,2,20,0.008139898838141025,0.007670491536458335,0.008681746262770434,64,0,0.04999998211860657,0.050000011920928955
greybox_steady_none,1,2,3,30,0.01316191844451122,0.01241305424616887,0.014018212342873596,64,0,0.04999998211860657,0.050000011920928955
greybox_steady_none,1,2,4,40,0.01723930163261218,0.016270485902443912,0.018360689603365385,64,0,0.04999998211860657,0.050000011920928955
greybox_steady_none,1,2,5,50,0.02033229730068109,0.019188298934545274,0.021643553513746996,64,0,0.04999998211860657,0.050000011920928955
greybox_steady_none,1,2,6,60,0.0227207281650641,0.02143658760266426,0.02418378781049679,64,0,0.04999998211860657,0.050000011920928955
greybox_steady_none,1,2,7,70,0.02460487561348157,0.023199437459309892,0.026203872485038558,64,0,0.04999998211860657,0.050000011920928955
greybox_steady_none,1,2,8,80,0.026067802233573713,0.0245753909380008,0.027767705672826517,64,0,0.04999998211860657,0.050000011920928955
greybox_steady_none,1,2,9,90,0.027302394769130607,0.025706600287021736,0.029126673967410355,64,0,0.04999998211860657,0.050000011920928955
greybox_steady_none,1,2,10,100,0.028313465607471958,0.026626164362980764,0.030236892700195313,64,0,0.04999998211860657,0.050000011920928955
greybox_steady_none,1,2,11,110,0.029192293607271637,0.02740651057316707,0.031232752677721853,64,0,0.04999998211860657,0.050000011920928955
greybox_steady_none,1,2,12,120,0.029981133876702728,0.028104819273337342,0.03211259988638071,64,0,0.04999998211860657,0.050000011920928955
greybox_steady_none,1,2,13,130,0.03066390599959936,0.02869105021158853,0.0329283689841246,64,0,0.04999998211860657,0.050000011920928955
greybox_steady_none,1,2,14,140,0.03131682567107372,0.029259543785682098,0.03368817647298178,64,0,0.04999998211860657,0.050000011920928955
greybox_steady_none,1,2,15,150,0.03189595540364583,0.029759611472105367,0.03435666989057492,64,0,0.04999998211860657,0.050000011920928955
greybox_steady_none,1,2,16,160,0.032425318008814104,0.030189858461037663,0.03500884227263621,64,0,0.04999998211860657,0.050000011920928955
greybox_steady_none,1,2,17,170,0.03292216765574919,0.030615767454489688,0.03564684158716446,64,0,0.04999998211860657,0.050000011920928955
greybox_steady_none,1,2,18,180,0.033384313338842155,0.03101225632887621,0.03620800311748799,64,0,0.04999998211860657,0.050000011920928955
greybox_steady_none,2,1,1,10,2.5000939002403842e-05,4.889659392528045e-06,4.7421577649238784e-05,64,0,0.04999999701976776,0.050000011920928955
greybox_steady_none,2,1,2,20,0.00016244741586538463,7.10003192608173e-05,0.0002516526442307692,64,0,0.04999999701976776,0.050000011920928955
greybox_steady_none,2,1,3,30,0.0004128871819911859,0.00018611516707982772,0.0006422952505258415,64,0,0.04999999701976776,0.050000011920928955
greybox_steady_none,2,1,4,40,0.0007142287034254808,0.0003383832100110177,0.0010892780010516823,64,0,0.04999999701976776,0.050000011920928955
greybox_steady_none,2,1,5,50,0.0010698367387820514,0.0005101521809895834,0.0016276432917668266,64,0,0.04999999701976776,0.050000011920928955
greybox_steady_none,2,1,6,60,0.0014068603515624998,0.00067537356645633,0.0021392470139723558,64,0,0.04999999701976776,0.050000011920928955
greybox_steady_none,2,1,7,70,0.001745292467948718,0.0008400628505608975,0.0026546263083433493,64,0,0.04999999701976776,0.050000011920928955
greybox_steady_none,2,1,8,80,0.0020476512419871796,0.0009863907251602565,0.0031062062581380203,64,0,0.04999999701976776,0.050000011920928955
greybox_steady_none,2,1,9,90,0.002329899714543269,0.0011309071076221954,0.003532662024864783,64,0,0.04999999701976776,0.050000011920928955
greybox_steady_none,2,1,10,100,0.002591294508713942,0.0012549434564052483,0.0039288134452624204,64,0,0.04999999701976776,0.050000011920928955
greybox_steady_none,2,1,11,110,0.0028444339067508016,0.0013823895576672675,0.004311946966709236,64,0,0.04999999701976776,0.050000011920928955
greybox_steady_none,2,1,12,120,0.003108097956730769,0.0015235979129106568,0.0047017571864983974,64,0,0.04999999701976776,0.050000011920928955
greybox_steady_none,2,1,13,130,0.0033411270532852566,0.0016286331568008815,0.005057670397636219,64,0,0.04999999701976776,0.050000011920928955
greybox_steady_none,2,1,14,140,0.0035712217673277247,0.00174897218361879,0.005417998876327123,64,0,0.04999999701976776,0.050000011920928955
greybox_steady_none,2,1,15,150,0.0037931393354366984,0.0018395780905699122,0.0057719568105844355,64,0,0.04999999701976776,0.050000011920928955
greybox_steady_none,2,1,16,160,0.004006723257211538,0.001937428009815705,0.006089281913561699,64,0,0.04999999701976776,0.050000011920928955
greybox_steady_none,2,1,17,170,0.004226175944010417,0.002044258117675781,0.006416401007236578,64,0,0.04999999701976776,0.050000011920928955
greybox_steady_none,2,1,18,180,0.004435416979667468,0.0021566909398788065,0.006716792766864483,64,0,0.04999999701976776,0.050000011920928955
greybox_steady_none,2,2,1,10,0.002740165514823718,0.0025761922200520835,0.0029282535650791263,64,0,0.04999998211860657,0.050000011920928955
greybox_steady_none,2,2,2,20,0.008186262081830929,0.007680236620780749,0.008769217271071213,64,0,0.04999998211860657,0.050000011920928955
greybox_steady_none,2,2,3,30,0.013196935409154648,0.012406066503280246,0.014108339945475258,64,0,0.04999998211860657,0.050000011920928955
greybox_steady_none,2,2,4,40,0.017197789901342145,0.016183522542317707,0.01836021032088842,64,0,0.04999998211860657,0.050000011920928955
greybox_steady_none,2,2,5,50,0.020287851186899037,0.01909555288461539,0.021633402506510416,64,0,0.04999998211860657,0.050000011920928955
greybox_steady_none,2,2,6,60,0.022649442232572113,0.02133350861378205,0.02414779076209435,64,0,0.04999998211860657,0.050000011920928955
greybox_steady_none,2,2,7,70,0.024508040990584935,0.023083005073742988,0.026140498625926482,64,0,0.04999998211860657,0.050000011920928955
greybox_steady_none,2,2,8,80,0.025975114871294072,0.02444301507411859,0.027725688249636917,64,0,0.04999998211860657,0.050000011920928955
greybox_steady_none,2,2,9,90,0.0271783682016226,0.02554384573912009,0.029042877784142128,64,0,0.04999998211860657,0.050000011920928955
greybox_steady_none,2,2,10,100,0.028194681803385413,0.02649890606219952,0.030149886302458934,64,0,0.04999998211860657,0.050000011920928955
greybox_steady_none,2,2,11,110,0.029056490384615385,0.02727061345027043,0.031121951372195512,64,0,0.04999998211860657,0.050000011920928955
greybox_steady_none,2,2,12,120,0.02983187161959135,0.02796509767190004,0.03198983412522536,64,0,0.04999998211860657,0.050000011920928955
greybox_steady_none,2,2,13,130,0.030511083358373395,0.028556007972130412,0.03277332208095452,64,0,0.04999998211860657,0.050000011920928955
greybox_steady_none,2,2,14,140,0.031144323104467152,0.029071573110727163,0.033553434518667366,64,0,0.04999998211860657,0.050000011920928955
greybox_steady_none,2,2,15,150,0.031729556352664265,0.029576477637657757,0.03422202672713843,64,0,0.04999998211860657,0.050000011920928955
greybox_steady_none,2,2,16,160,0.03223012288411459,0.029997532184307393,0.03479212345221104,64,0,0.04999998211860657,0.050000011920928955
greybox_steady_none,2,2,17,170,0.032720751640124196,0.030358174641927086,0.035405230399889825,64,0,0.04999998211860657,0.050000011920928955
greybox_steady_none,2,2,18,180,0.03317456367688301,0.030728196364182694,0.03598338787372296,64,0,0.04999998211860657,0.050000011920928955
fusion_gru_norew,0,1,1,10,0.0,0.0,0.0,64,0,0.04999999701976776,0.050000011920928955
fusion_gru_norew,0,1,2,20,-0.0080808590619992,-0.009529889424641929,-0.006565030415852865,64,0,0.04999999701976776,0.050000011920928955
fusion_gru_norew,0,1,3,30,-0.018694403232672276,-0.0220186526958759,-0.015242968828250202,64,0,0.04999999701976776,0.050000011920928955
fusion_gru_norew,0,1,4,40,-0.030180671887520025,-0.035448154547275644,-0.02470641111716247,64,0,0.04999999701976776,0.050000011920928955
fusion_gru_norew,0,1,5,50,-0.041901612893129,-0.0490436035547501,-0.03443104279346955,64,0,0.04999999701976776,0.050000011920928955
fusion_gru_norew,0,1,6,60,-0.05374728471804887,-0.06274670820969801,-0.04438578287760416,64,0,0.04999999701976776,0.050000011920928955
fusion_gru_norew,0,1,7,70,-0.06570387620192307,-0.07648978795760718,-0.05431460649539263,64,0,0.04999999701976776,0.050000011920928955
fusion_gru_norew,0,1,8,80,-0.07778312487479967,-0.0903347680507562,-0.06445724291679185,64,0,0.04999999701976776,0.050000011920928955
fusion_gru_norew,0,1,9,90,-0.08993581136067709,-0.10426564045441457,-0.07490869864439353,64,0,0.04999999701976776,0.050000011920928955
fusion_gru_norew,0,1,10,100,-0.10218904935396633,-0.11831530644343449,-0.0850678468361879,64,0,0.04999999701976776,0.050000011920928955
fusion_gru_norew,0,1,11,110,-0.11444377410106168,-0.13215585268460786,-0.0954861039381761,64,0,0.04999999701976776,0.050000011920928955
fusion_gru_norew,0,1,12,120,-0.12670295910957532,-0.14597243480193312,-0.10583408453525645,64,0,0.04999999701976776,0.050000011920928955
fusion_gru_norew,0,1,13,130,-0.13894899808443512,-0.15971997970189802,-0.11610057537372298,64,0,0.04999999701976776,0.050000011920928955
fusion_gru_norew,0,1,14,140,-0.1511202689928886,-0.173681877331856,-0.12625765091333638,64,0,0.04999999701976776,0.050000011920928955
fusion_gru_norew,0,1,15,150,-0.16322647485977565,-0.1876152586325621,-0.13633109850761221,64,0,0.04999999701976776,0.050000011920928955
fusion_gru_norew,0,1,16,160,-0.17521882668519634,-0.2014198303222656,-0.14643455896622096,64,0,0.04999999701976776,0.050000011920928955
fusion_gru_norew,0,1,17,170,-0.1871156741411258,-0.2149746391100761,-0.15674245394193212,64,0,0.04999999701976776,0.050000011920928955
fusion_gru_norew,0,1,18,180,-0.19880128518129003,-0.22856477590707633,-0.16666914132925184,64,0,0.04999999701976776,0.050000011920928955
fusion_gru_norew,0,2,1,10,-0.0003075232872596154,-0.0003576131967397837,-0.0002648769280849359,64,0,0.04999998211860657,0.050000011920928955
fusion_gru_norew,0,2,2,20,-0.0107301760942508,-0.012296961270845855,-0.00887099143786308,64,0,0.04999998211860657,0.050000011920928955
fusion_gru_norew,0,2,3,30,-0.02316890618739984,-0.02669624230800531,-0.01899538871569511,64,0,0.04999998211860657,0.050000011920928955
fusion_gru_norew,0,2,4,40,-0.0352546887520032,-0.040658191778720945,-0.028787738115359576,64,0,0.04999998211860657,0.050000011920928955
fusion_gru_norew,0,2,5,50,-0.04630616016877003,-0.053543350024101065,-0.03771434979561048,64,0,0.04999998211860657,0.050000011920928955
fusion_gru_norew,0,2,6,60,-0.05635070800781251,-0.06528625488281249,-0.04576629247420873,64,0,0.04999998211860657,0.050000011920928955
fusion_gru_norew,0,2,7,70,-0.06553153013571714,-0.07600909502078325,-0.0531587140988081,64,0,0.04999998211860657,0.050000011920928955
fusion_gru_norew,0,2,8,80,-0.07402288974859776,-0.08585608653533154,-0.06001676706167367,64,0,0.04999998211860657,0.050000011920928955
fusion_gru_norew,0,2,9,90,-0.08201685196314103,-0.09510310246394231,-0.0665035580366086,64,0,0.04999998211860657,0.050000011920928955
fusion_gru_norew,0,2,10,100,-0.08961925017528045,-0.10399054502829529,-0.07266020554762621,64,0,0.04999998211860657,0.050000011920928955
fusion_gru_norew,0,2,11,110,-0.09693212264623399,-0.11250643607897637,-0.0785777126214443,64,0,0.04999998211860657,0.050000011920928955
fusion_gru_norew,0,2,12,120,-0.1040431878505609,-0.12070021800505808,-0.08430210602589143,64,0,0.04999998211860657,0.050000011920928955
fusion_gru_norew,0,2,13,130,-0.11102408384665466,-0.12867158938676884,-0.0899742635091146,64,0,0.04999998211860657,0.050000011920928955
fusion_gru_norew,0,2,14,140,-0.11789844219501201,-0.13655087299835988,-0.09577568641075723,64,0,0.04999998211860657,0.050000011920928955
fusion_gru_norew,0,2,15,150,-0.12474959935897437,-0.14428638556064702,-0.1016172360151242,64,0,0.04999998211860657,0.050000011920928955
fusion_gru_norew,0,2,16,160,-0.13159594413561698,-0.1520984551845453,-0.10754346016125803,64,0,0.04999998211860657,0.050000011920928955
fusion_gru_norew,0,2,17,170,-0.138424565241887,-0.15982090485401645,-0.11327514941875752,64,0,0.04999998211860657,0.050000011920928955
fusion_gru_norew,0,2,18,180,-0.14525490785256412,-0.1676643215081631,-0.11913806621844952,64,0,0.04999998211860657,0.050000011920928955
fusion_gru_norew,1,1,1,10,-4.6950120192307695e-06,-1.173753004807692e-05,0.0,64,0,0.04999999701976776,0.050000011920928955
fusion_gru_norew,1,1,2,20,-0.0023644080528846152,-0.0028841282771183896,-0.0019219677264873801,64,0,0.04999999701976776,0.050000011920928955
fusion_gru_norew,1,1,3,30,-0.005855658115484776,-0.007040956937349759,-0.0048155212402343755,64,0,0.04999999701976776,0.050000011920928955
fusion_gru_norew,1,1,4,40,-0.00994438758263221,-0.01184142577342498,-0.008202628111227966,64,0,0.04999999701976776,0.050000011920928955
fusion_gru_norew,1,1,5,50,-0.014408483260717149,-0.017032987154447114,-0.011957629277155952,64,0,0.04999999701976776,0.050000011920928955
fusion_gru_norew,1,1,6,60,-0.01919180063100961,-0.02257818368765024,-0.01598221216446314,64,0,0.04999999701976776,0.050000011920928955
fusion_gru_norew,1,1,7,70,-0.024233382787459935,-0.02845868232922676,-0.020251636994190705,64,0,0.04999999701976776,0.050000011920928955
fusion_gru_norew,1,1,8,80,-0.0294990735176282,-0.03461989378317809,-0.02474918854542268,64,0,0.04999999701976776,0.050000011920928955
fusion_gru_norew,1,1,9,90,-0.03500882662259615,-0.04101084782527044,-0.029366458990635017,64,0,0.04999999701976776,0.050000011920928955
fusion_gru_norew,1,1,10,100,-0.040687991411258013,-0.04764225886418269,-0.03406209896772335,64,0,0.04999999701976776,0.050000011920928955
fusion_gru_norew,1,1,11,110,-0.046538015512319716,-0.05430677658472306,-0.038889775398450024,64,0,0.04999999701976776,0.050000011920928955
fusion_gru_norew,1,1,12,120,-0.05253389798677885,-0.06119283040364584,-0.04385303595127203,64,0,0.04999999701976776,0.050000011920928955
fusion_gru_norew,1,1,13,130,-0.0586372571113782,-0.06818432734562802,-0.04903534131172376,64,0,0.04999999701976776,0.050000011920928955
fusion_gru_norew,1,1,14,140,-0.06485235752203526,-0.07542617602226062,-0.054277091393103966,64,0,0.04999999701976776,0.050000011920928955
fusion_gru_norew,1,1,15,150,-0.07110650478265225,-0.08272765330779248,-0.059317061595427684,64,0,0.04999999701976776,0.050000011920928955
fusion_gru_norew,1,1,16,160,-0.07742509108323317,-0.08993805714142628,-0.06455502241085737,64,0,0.04999999701976776,0.050000011920928955
fusion_gru_norew,1,1,17,170,-0.08372669709034454,-0.09731763399564303,-0.06992508717072315,64,0,0.04999999701976776,0.050000011920928955
fusion_gru_norew,1,1,18,180,-0.09011531732021234,-0.10482500320825823,-0.07525399428147536,64,0,0.04999999701976776,0.050000011920928955
fusion_gru_norew,1,2,1,10,-0.00022641695462740383,-0.00025909130389873796,-0.0001941142938075922,64,0,0.04999998211860657,0.050000011920928955
fusion_gru_norew,1,2,2,20,-0.00797279553535657,-0.00905227563320062,-0.0066411258012820515,64,0,0.04999998211860657,0.050000011920928955
fusion_gru_norew,1,2,3,30,-0.017464388333834135,-0.019820901919633916,-0.01454841026893029,64,0,0.04999998211860657,0.050000011920928955
fusion_gru_norew,1,2,4,40,-0.026471182016225954,-0.030069679847130413,-0.02206423050318009,64,0,0.04999998211860657,0.050000011920928955
fusion_gru_norew,1,2,5,50,-0.03439264542017227,-0.03913065201196915,-0.028787857446915064,64,0,0.04999998211860657,0.050000011920928955
fusion_gru_norew,1,2,6,60,-0.04108710655799279,-0.046829206026517425,-0.03445079803466796,64,0,0.04999998211860657,0.050000011920928955
fusion_gru_norew,1,2,7,70,-0.04663649338942307,-0.05322320008889223,-0.039161433684520235,64,0,0.04999998211860657,0.050000011920928955
fusion_gru_norew,1,2,8,80,-0.05123439691005609,-0.05851257519844251,-0.043070195515950524,64,0,0.04999998211860657,0.050000011920928955
fusion_gru_norew,1,2,9,90,-0.05500327868339342,-0.06290670541616586,-0.046240974817520535,64,0,0.04999998211860657,0.050000011920928955
fusion_gru_norew,1,2,10,100,-0.058087862454927884,-0.066466307028746,-0.04877933991261019,64,0,0.04999998211860657,0.050000011920928955
fusion_gru_norew,1,2,11,110,-0.06062191694210738,-0.06963291266025641,-0.05065905839968952,64,0,0.04999998211860657,0.050000011920928955
fusion_gru_norew,1,2,12,120,-0.06271953093699921,-0.07222531636555989,-0.05216645167424129,64,0,0.04999998211860657,0.050000011920928955
fusion_gru_norew,1,2,13,130,-0.06448614658453526,-0.07442264067821014,-0.05358646686260517,64,0,0.04999998211860657,0.050000011920928955
fusion_gru_norew,1,2,14,140,-0.06597450451973158,-0.0764856172219301,-0.0547333741799379,64,0,0.04999998211860657,0.050000011920928955
fusion_gru_norew,1,2,15,150,-0.06722083458533654,-0.07817537356645633,-0.05536383995643029,64,0,0.04999998211860657,0.050000011920928955
fusion_gru_norew,1,2,16,160,-0.06835319323417469,-0.07977366716433794,-0.056059879400791275,64,0,0.04999998211860657,0.050000011920928955
fusion_gru_norew,1,2,17,170,-0.06930185953776043,-0.0811217283591246,-0.05660702436398239,64,0,0.04999998211860657,0.050000011920928955
fusion_gru_norew,1,2,18,180,-0.07024716108273237,-0.08252305250901441,-0.057074230878781065,64,0,0.04999998211860657,0.050000011920928955
fusion_gru_norew,2,1,1,10,-4.6950120192307695e-07,-1.408503605769231e-06,0.0,64,0,0.04999999701976776,0.050000011920928955
fusion_gru_norew,2,1,2,20,-0.005612299992487982,-0.006527996552296174,-0.004650982587765425,64,0,0.04999999701976776,0.050000011920928955
fusion_gru_norew,2,1,3,30,-0.013319396972656248,-0.015501001798189602,-0.01104853018736228,64,0,0.04999999701976776,0.050000011920928955
fusion_gru_norew,2,1,4,40,-0.021809191581530444,-0.025386898334209734,-0.018139053735977562,64,0,0.04999999701976776,0.050000011920928955
fusion_gru_norew,2,1,5,50,-0.03060220571664663,-0.03559466239733573,-0.025495492005959533,64,0,0.04999999701976776,0.050000011920928955
fusion_gru_norew,2,1,6,60,-0.03958888909755609,-0.045953867985652035,-0.033026031102889625,64,0,0.04999999701976776,0.050000011920928955
fusion_gru_norew,2,1,7,70,-0.04872667361528445,-0.056473075671073715,-0.040632251837314705,64,0,0.04999999701976776,0.050000011920928955
fusion_gru_norew,2,1,8,80,-0.05794341258513621,-0.06703436435797276,-0.04834367214105069,64,0,0.04999999701976776,0.050000011920928955
fusion_gru_norew,2,1,9,90,-0.06730757493239184,-0.07779015761155349,-0.056114270136906556,64,0,0.04999999701976776,0.050000011920928955
fusion_gru_norew,2,1,10,100,-0.07674454909104568,-0.08863875071207682,-0.06396139878493089,64,0,0.04999999701976776,0.050000011920928955
fusion_gru_norew,2,1,11,110,-0.08626431196163863,-0.09958213219275842,-0.0718889696170122,64,0,0.04999999701976776,0.050000011920928955
fusion_gru_norew,2,1,12,120,-0.09583442883613782,-0.11061288491273538,-0.07988075843224159,64,0,0.04999999701976776,0.050000011920928955
fusion_gru_norew,2,1,13,130,-0.10538216615334534,-0.12160864120874648,-0.08783584594726562,64,0,0.04999999701976776,0.050000011920928955
fusion_gru_norew,2,1,14,140,-0.11496351193159055,-0.13257600931020885,-0.09579396272316958,64,0,0.04999999701976776,0.050000011920928955
fusion_gru_norew,2,1,15,150,-0.12454082782451922,-0.14348211435171274,-0.1037725790953025,64,0,0.04999999701976776,0.050000011920928955
fusion_gru_norew,2,1,16,160,-0.1340618818234175,-0.1542091535910582,-0.11179606021978916,64,0,0.04999999701976776,0.050000011920928955
fusion_gru_norew,2,1,17,170,-0.1435283954326923,-0.1651055438701923,-0.11968898675380611,64,0,0.04999999701976776,0.050000011920928955
fusion_gru_norew,2,1,18,180,-0.15290108705178287,-0.17590543306790868,-0.12756279089511968,64,0,0.04999999701976776,0.050000011920928955
fusion_gru_norew,2,2,1,10,-0.00022003956330128203,-0.00025126334948417467,-0.00019327408228165063,64,0,0.04999998211860657,0.050000011920928955
fusion_gru_norew,2,2,2,20,-0.011561662722856572,-0.0132590817182492,-0.009560215289776143,64,0,0.04999998211860657,0.050000011920928955
fusion_gru_norew,2,2,3,30,-0.025667630709134616,-0.02952253684019431,-0.021084649501702725,64,0,0.04999998211860657,0.050000011920928955
fusion_gru_norew,2,2,4,40,-0.03955042912409856,-0.04551860613700671,-0.032455323048127004,64,0,0.04999998211860657,0.050000011920928955
fusion_gru_norew,2,2,5,50,-0.05230920253655849,-0.060206031799316405,-0.04292325533353365,64,0,0.04999998211860657,0.050000011920928955
fusion_gru_norew,2,2,6,60,-0.06376996162610177,-0.07341500306740785,-0.052314742650741194,64,0,0.04999998211860657,0.050000011920928955
fusion_gru_norew,2,2,7,70,-0.07405790671324118,-0.08535492236797626,-0.060764453594501215,64,0,0.04999998211860657,0.050000011920928955
fusion_gru_norew,2,2,8,80,-0.08333341158353365,-0.09605635422926682,-0.06841484265449721,64,0,0.04999998211860657,0.050000011920928955
fusion_gru_norew,2,2,9,90,-0.09180591289813703,-0.10580535986484625,-0.07537586309970956,64,0,0.04999998211860657,0.050000011920928955
fusion_gru_norew,2,2,10,100,-0.09960941412510017,-0.11490039042937449,-0.08177913567958735,64,0,0.04999998211860657,0.050000011920928955
fusion_gru_norew,2,2,11,110,-0.10683687650240385,-0.1232761950370593,-0.0877362021421775,64,0,0.04999998211860657,0.050000011920928955
fusion_gru_norew,2,2,12,120,-0.11363274989983975,-0.1312300070738181,-0.09335210164388023,64,0,0.04999998211860657,0.050000011920928955
fusion_gru_norew,2,2,13,130,-0.12007250663561699,-0.1387845963698167,-0.09863427969125602,64,0,0.04999998211860657,0.050000011920928955
fusion_gru_norew,2,2,14,140,-0.12622281588040865,-0.14588109138684396,-0.10366800161508415,64,0,0.04999998211860657,0.050000011920928955
fusion_gru_norew,2,2,15,150,-0.1321953797951723,-0.15264929257906398,-0.10860962696564505,64,0,0.04999998211860657,0.050000011920928955
fusion_gru_norew,2,2,16,160,-0.13798045622996796,-0.1591832557091346,-0.11337262275891426,64,0,0.04999998211860657,0.050000011920928955
fusion_gru_norew,2,2,17,170,-0.14364510560647034,-0.16566468947973007,-0.11810737218612281,64,0,0.04999998211860657,0.050000011920928955
fusion_gru_norew,2,2,18,180,-0.14920493883964345,-0.17205504882029996,-0.12302097418369393,64,0,0.04999998211860657,0.050000011920928955
fusion_token_xattn_norew,0,1,1,10,0.0,0.0,0.0,64,0,0.04999999701976776,0.050000011920928955
fusion_token_xattn_norew,0,1,2,20,-0.0010082929562299679,-0.0015442432501377203,-0.0005381491245367589,64,0,0.04999999701976776,0.050000011920928955
fusion_token_xattn_norew,0,1,3,30,-0.0030445587940705126,-0.004350429437099359,-0.0018749686999198717,64,0,0.04999999701976776,0.050000011920928955
fusion_token_xattn_norew,0,1,4,40,-0.006303210136217949,-0.008627129579201722,-0.0041710134652944725,64,0,0.04999999701976776,0.050000011920928955
fusion_token_xattn_norew,0,1,5,50,-0.010828145345052081,-0.014370694282727366,-0.007583362872783953,64,0,0.04999999701976776,0.050000011920928955
fusion_token_xattn_norew,0,1,6,60,-0.01665672889122596,-0.021791622455303486,-0.01193222437149439,64,0,0.04999999701976776,0.050000011920928955
fusion_token_xattn_norew,0,1,7,70,-0.023689387394831733,-0.03072992960611979,-0.017341263599884818,64,0,0.04999999701976776,0.050000011920928955
fusion_token_xattn_norew,0,1,8,80,-0.03187142396584535,-0.04117967458871695,-0.023563405550443214,64,0,0.04999999701976776,0.050000011920928955
fusion_token_xattn_norew,0,1,9,90,-0.04111648950821313,-0.052978546925080125,-0.030627124492938706,64,0,0.04999999701976776,0.050000011920928955
fusion_token_xattn_norew,0,1,10,100,-0.051408112354767624,-0.06612420497796474,-0.03830014937963241,64,0,0.04999999701976776,0.050000011920928955
fusion_token_xattn_norew,0,1,11,110,-0.06261847080328525,-0.08027880937625201,-0.04662295610476764,64,0,0.04999999701976776,0.050000011920928955
fusion_token_xattn_norew,0,1,12,120,-0.07467882205278445,-0.09579836038442759,-0.05560277009621645,64,0,0.04999999701976776,0.050000011920928955
fusion_token_xattn_norew,0,1,13,130,-0.08753556471604568,-0.11236681326841697,-0.06523024045504057,64,0,0.04999999701976776,0.050000011920928955
fusion_token_xattn_norew,0,1,14,140,-0.10105641682942708,-0.1298448953873072,-0.07517181494297126,64,0,0.04999999701976776,0.050000011920928955
fusion_token_xattn_norew,0,1,15,150,-0.11525229429587341,-0.14773298214643432,-0.08562175066043169,64,0,0.04999999701976776,0.050000011920928955
fusion_token_xattn_norew,0,1,16,160,-0.1299867678911258,-0.16658880967360273,-0.0963382339477539,64,0,0.04999999701976776,0.050000011920928955
fusion_token_xattn_norew,0,1,17,170,-0.14527924366486375,-0.18649083259778146,-0.10783674191205932,64,0,0.04999999701976776,0.050000011920928955
fusion_token_xattn_norew,0,1,18,180,-0.16102388822115385,-0.20715403043306793,-0.1191374754294371,64,0,0.04999999701976776,0.050000011920928955
fusion_token_xattn_norew,0,2,1,10,-5.743564703525641e-05,-7.293309920873399e-05,-4.240965231870993e-05,64,0,0.04999998211860657,0.050000011920928955
fusion_token_xattn_norew,0,2,2,20,-0.006461549416566507,-0.008620835328713442,-0.004161113836826423,64,0,0.04999998211860657,0.050000011920928955
fusion_token_xattn_norew,0,2,3,30,-0.015843122433393426,-0.02121393057016226,-0.01014317536965395,64,0,0.04999998211860657,0.050000011920928955
fusion_token_xattn_norew,0,2,4,40,-0.026272387382311694,-0.03516515878530649,-0.01664712465726413,64,0,0.04999998211860657,0.050000011920928955
fusion_token_xattn_norew,0,2,5,50,-0.0366701175005008,-0.04920124151767829,-0.022973807897323218,64,0,0.04999998211860657,0.050000011920928955
fusion_token_xattn_norew,0,2,6,60,-0.0465074979341947,-0.06253307929405798,-0.028896530346992688,64,0,0.04999998211860657,0.050000011920928955
fusion_token_xattn_norew,0,2,7,70,-0.05547281901041666,-0.07464881310096153,-0.034093798123873205,64,0,0.04999998211860657,0.050000011920928955
fusion_token_xattn_norew,0,2,8,80,-0.06348141401241987,-0.08553717197516027,-0.03855350787823018,64,0,0.04999998211860657,0.050000011920928955
fusion_token_xattn_norew,0,2,9,90,-0.0704665746444311,-0.09509871262770432,-0.04220075754018931,64,0,0.04999998211860657,0.050000011920928955
fusion_token_xattn_norew,0,2,10,100,-0.07654630220853366,-0.10352562341934596,-0.045338385166266024,64,0,0.04999998211860657,0.050000011920928955
fusion_token_xattn_norew,0,2,11,110,-0.08174997965494792,-0.11091536008394681,-0.0478104498447516,64,0,0.04999998211860657,0.050000011920928955
fusion_token_xattn_norew,0,2,12,120,-0.08610135591947114,-0.11719894409179688,-0.049705509283603774,64,0,0.04999998211860657,0.050000011920928955
fusion_token_xattn_norew,0,2,13,130,-0.08972359681740785,-0.12234732309977213,-0.051006149878868694,64,0,0.04999998211860657,0.050000011920928955
fusion_token_xattn_norew,0,2,14,140,-0.09268141526442308,-0.12670892568734976,-0.05182286776029146,64,0,0.04999998211860657,0.050000011920928955
fusion_token_xattn_norew,0,2,15,150,-0.09505415696364182,-0.1304032536042042,-0.05248848548302284,64,0,0.04999998211860657,0.050000011920928955
fusion_token_xattn_norew,0,2,16,160,-0.09688231639372996,-0.1336119597997421,-0.05225404299222506,64,0,0.04999998211860657,0.050000011920928955
fusion_token_xattn_norew,0,2,17,170,-0.09824594350961538,-0.13657967787522535,-0.051966337546324126,64,0,0.04999998211860657,0.050000011920928955
fusion_token_xattn_norew,0,2,18,180,-0.09917125212840545,-0.13879125937437398,-0.05137481102576624,64,0,0.04999998211860657,0.050000011920928955
fusion_token_xattn_norew,1,1,1,10,0.0,0.0,0.0,64,0,0.04999999701976776,0.050000011920928955
fusion_token_xattn_norew,1,1,2,20,0.0005561632987780449,0.00023504990797776443,0.000901204622708834,64,0,0.04999999701976776,0.050000011920928955
fusion_token_xattn_norew,1,1,3,30,0.0010095840845352564,0.00016448583358373388,0.0019071686573517625,64,0,0.04999999701976776,0.050000011920928955
fusion_token_xattn_norew,1,1,4,40,0.0008981557992788461,-0.0006974499042217547,0.002444223257211538,64,0,0.04999999701976776,0.050000011920928955
fusion_token_xattn_norew,1,1,5,50,-1.3498159555288212e-05,-0.002506168072040264,0.002203975579677483,64,0,0.04999999701976776,0.050000011920928955
fusion_token_xattn_norew,1,1,6,60,-0.0018900162134415064,-0.005452969868977866,0.0012053073980869383,64,0,0.04999999701976776,0.050000011920928955
fusion_token_xattn_norew,1,1,7,70,-0.004795798277243588,-0.009579917712089343,-0.0005549504206730776,64,0,0.04999999701976776,0.050000011920928955
fusion_token_xattn_norew,1,1,8,80,-0.00877709021935096,-0.015078858595628006,-0.003437887338491588,64,0,0.04999999701976776,0.050000011920928955
fusion_token_xattn_norew,1,1,9,90,-0.013745469313401442,-0.021791527576935598,-0.006930676973783054,64,0,0.04999999701976776,0.050000011920928955
fusion_token_xattn_norew,1,1,10,100,-0.019689354529747592,-0.02953881581624349,-0.011141099196213942,64,0,0.04999999701976776,0.050000011920928955
fusion_token_xattn_norew,1,1,11,110,-0.02654184194711539,-0.03832249176807893,-0.015840970552884612,64,0,0.04999999701976776,0.050000011920928955
fusion_token_xattn_norew,1,1,12,120,-0.03423305413661859,-0.04840972900390625,-0.021912071032401847,64,0,0.04999999701976776,0.050000011920928955
fusion_token_xattn_norew,1,1,13,130,-0.04268153263972356,-0.05910021855280949,-0.027916865226549986,64,0,0.04999999701976776,0.050000011920928955
fusion_token_xattn_norew,1,1,14,140,-0.051838292831029656,-0.07070638118646083,-0.034514999389648436,64,0,0.04999999701976776,0.050000011920928955
fusion_token_xattn_norew,1,1,15,150,-0.06163873917017228,-0.08345161731426533,-0.04154887077135918,64,0,0.04999999701976776,0.050000011920928955
fusion_token_xattn_norew,1,1,16,160,-0.07196608323317308,-0.09667901259202223,-0.04873401739658454,64,0,0.04999999701976776,0.050000011920928955
fusion_token_xattn_norew,1,1,17,170,-0.08280690511067708,-0.11046343583327072,-0.05643148275522086,64,0,0.04999999701976776,0.050000011920928955
fusion_token_xattn_norew,1,1,18,180,-0.09411891056941106,-0.12478008172450922,-0.06479357597155448,64,0,0.04999999701976776,0.050000011920928955
fusion_token_xattn_norew,1,2,1,10,-3.5447340745192304e-05,-6.302466759314904e-05,-1.4006785857371793e-05,64,0,0.04999998211860657,0.050000011920928955
fusion_token_xattn_norew,1,2,2,20,-0.00624702649238782,-0.008332114586463341,-0.0040498175987830525,64,0,0.04999998211860657,0.050000011920928955
fusion_token_xattn_norew,1,2,3,30,-0.016006352351262017,-0.021362296862479965,-0.010385902600410654,64,0,0.04999998211860657,0.050000011920928955
fusion_token_xattn_norew,1,2,4,40,-0.027549548026842948,-0.0366968516814403,-0.017925047263120997,64,0,0.04999998211860657,0.050000011920928955
fusion_token_xattn_norew,1,2,5,50,-0.039707555526342156,-0.05287956629043971,-0.025881424928322818,64,0,0.04999998211860657,0.050000011920928955
fusion_token_xattn_norew,1,2,6,60,-0.051749165852864584,-0.06890824538010817,-0.033779628460223865,64,0,0.04999998211860657,0.050000011920928955
fusion_token_xattn_norew,1,2,7,70,-0.06320648193359375,-0.084052734375,-0.04130402100391879,64,0,0.04999998211860657,0.050000011920928955
fusion_token_xattn_norew,1,2,8,80,-0.07385128705929486,-0.09805146633050381,-0.048329534286107784,64,0,0.04999998211860657,0.050000011920928955
fusion_token_xattn_norew,1,2,9,90,-0.08352203369140623,-0.11072185125106421,-0.05473982004018931,64,0,0.04999998211860657,0.050000011920928955
fusion_token_xattn_norew,1,2,10,100,-0.09219403389172677,-0.12198047051062949,-0.06054684565617491,64,0,0.04999998211860657,0.050000011920928955
fusion_token_xattn_norew,1,2,11,110,-0.09985555013020832,-0.13194907359587843,-0.065720699994992,64,0,0.04999998211860657,0.050000011920928955
fusion_token_xattn_norew,1,2,12,120,-0.10650184826973158,-0.14069710169083033,-0.07023526411790117,64,0,0.04999998211860657,0.050000011920928955
fusion_token_xattn_norew,1,2,13,130,-0.11219889322916665,-0.14805196126302084,-0.0739508447891627,64,0,0.04999998211860657,0.050000011920928955
fusion_token_xattn_norew,1,2,14,140,-0.1169968042618189,-0.1543188965626252,-0.07709184499887321,64,0,0.04999998211860657,0.050000011920928955
fusion_token_xattn_norew,1,2,15,150,-0.12097461407001203,-0.15947791564158903,-0.07962618998992137,64,0,0.04999998211860657,0.050000011920928955
fusion_token_xattn_norew,1,2,16,160,-0.12419308393429486,-0.1636118434025691,-0.08170878092447917,64,0,0.04999998211860657,0.050000011920928955
fusion_token_xattn_norew,1,2,17,170,-0.12668875669821714,-0.16670566265399642,-0.08349537776066708,64,0,0.04999998211860657,0.050000011920928955
fusion_token_xattn_norew,1,2,18,180,-0.12856687888120993,-0.16920458866999702,-0.08462449685121194,64,0,0.04999998211860657,0.050000011920928955
fusion_token_xattn_norew,2,1,1,10,0.0,0.0,0.0,64,0,0.04999999701976776,0.050000011920928955
fusion_token_xattn_norew,2,1,2,20,-0.00031221829927884613,-0.0006360724033453526,-6.485963479066508e-05,64,0,0.04999999701976776,0.050000011920928955
fusion_token_xattn_norew,2,1,3,30,-0.0012565808418469554,-0.002086000687036759,-0.0006312365409655451,64,0,0.04999999701976776,0.050000011920928955
fusion_token_xattn_norew,2,1,4,40,-0.003087557279146634,-0.0045563722268129,-0.001965987376677684,64,0,0.04999999701976776,0.050000011920928955
fusion_token_xattn_norew,2,1,5,50,-0.005942437587640224,-0.008165777157514523,-0.004095355302859576,64,0,0.04999999701976776,0.050000011920928955
fusion_token_xattn_norew,2,1,6,60,-0.009823256272536059,-0.012846348102276141,-0.0071012369791666665,64,0,0.04999999701976776,0.050000011920928955
fusion_token_xattn_norew,2,1,7,70,-0.014796995505308497,-0.018970731099446615,-0.01094859196589543,64,0,0.04999999701976776,0.050000011920928955
fusion_token_xattn_norew,2,1,8,80,-0.020812166654146633,-0.026172400254469652,-0.015597882393078924,64,0,0.04999999701976776,0.050000011920928955
fusion_token_xattn_norew,2,1,9,90,-0.02778875888922275,-0.03466917184682993,-0.021040342282026243,64,0,0.04999999701976776,0.050000011920928955
fusion_token_xattn_norew,2,1,10,100,-0.03572939359224759,-0.044239554772010206,-0.027369917845114684,64,0,0.04999999701976776,0.050000011920928955
fusion_token_xattn_norew,2,1,11,110,-0.04452792436648638,-0.054982103201059195,-0.03425055283766526,64,0,0.04999999701976776,0.050000011920928955
fusion_token_xattn_norew,2,1,12,120,-0.0541257809369992,-0.06680442614433094,-0.04147598462227064,64,0,0.04999999701976776,0.050000011920928955
fusion_token_xattn_norew,2,1,13,130,-0.06447808681390224,-0.07976253998585237,-0.04943510006635618,64,0,0.04999999701976776,0.050000011920928955
fusion_token_xattn_norew,2,1,14,140,-0.07551649044721555,-0.09369292234763121,-0.05787674243633563,64,0,0.04999999701976776,0.050000011920928955
fusion_token_xattn_norew,2,1,15,150,-0.08715409498948315,-0.10815245799529244,-0.06664529947134165,64,0,0.04999999701976776,0.050000011920928955
fusion_token_xattn_norew,2,1,16,160,-0.09933495154747599,-0.12323685279259314,-0.07585709791917068,64,0,0.04999999701976776,0.050000011920928955
fusion_token_xattn_norew,2,1,17,170,-0.11197666266025638,-0.13902176098945812,-0.08526342929937902,64,0,0.04999999701976776,0.050000011920928955
fusion_token_xattn_norew,2,1,18,180,-0.12505743564703525,-0.15533710186298075,-0.09468245677458935,64,0,0.04999999701976776,0.050000011920928955
fusion_token_xattn_norew,2,2,1,10,-1.604129106570513e-05,-2.4257562099358973e-05,-7.664607121394235e-06,64,0,0.04999998211860657,0.050000011920928955
fusion_token_xattn_norew,2,2,2,20,-0.006235562838040865,-0.008408059340256912,-0.003945440634703025,64,0,0.04999998211860657,0.050000011920928955
fusion_token_xattn_norew,2,2,3,30,-0.015707358335837338,-0.02123907920641777,-0.00985191638653095,64,0,0.04999998211860657,0.050000011920928955
fusion_token_xattn_norew,2,2,4,40,-0.02667064177684295,-0.03606838911007613,-0.016689785688351364,64,0,0.04999998211860657,0.050000011920928955
fusion_token_xattn_norew,2,2,5,50,-0.03793914012419872,-0.0512859364044972,-0.023722452016977164,64,0,0.04999998211860657,0.050000011920928955
fusion_token_xattn_norew,2,2,6,60,-0.04884084065755208,-0.0659962893755008,-0.030463632436899042,64,0,0.04999998211860657,0.050000011920928955
fusion_token_xattn_norew,2,2,7,70,-0.05896000006260016,-0.07963405120067107,-0.036736138172638724,64,0,0.04999998211860657,0.050000011920928955
fusion_token_xattn_norew,2,2,8,80,-0.06810247959234776,-0.09189635252341245,-0.04241777077699319,64,0,0.04999998211860657,0.050000011920928955
fusion_token_xattn_norew,2,2,9,90,-0.07606968023838141,-0.10279923267853565,-0.04733460255158254,64,0,0.04999998211860657,0.050000011920928955
fusion_token_xattn_norew,2,2,10,100,-0.08293985220102164,-0.11227195348495093,-0.05157855302859576,64,0,0.04999998211860657,0.050000011920928955
fusion_token_xattn_norew,2,2,11,110,-0.08866655398637821,-0.12022756136380708,-0.055149860871143826,64,0,0.04999998211860657,0.050000011920928955
fusion_token_xattn_norew,2,2,12,120,-0.0933182153946314,-0.1266266788580479,-0.058043169853014824,64,0,0.04999998211860657,0.050000011920928955
fusion_token_xattn_norew,2,2,13,130,-0.09694761618589745,-0.13158878815479766,-0.06030809451372196,64,0,0.04999998211860657,0.050000011920928955
fusion_token_xattn_norew,2,2,14,140,-0.09964329646183893,-0.1352083020332532,-0.062012950212527555,64,0,0.04999998211860657,0.050000011920928955
fusion_token_xattn_norew,2,2,15,150,-0.10144301194411057,-0.13733739608373396,-0.06316897856883515,64,0,0.04999998211860657,0.050000011920928955
fusion_token_xattn_norew,2,2,16,160,-0.10245247865334536,-0.13837809049166166,-0.06382884392371546,64,0,0.04999998211860657,0.050000011920928955
fusion_token_xattn_norew,2,2,17,170,-0.10268820738181089,-0.13880556155473758,-0.06370120317508011,64,0,0.04999998211860657,0.050000011920928955
fusion_token_xattn_norew,2,2,18,180,-0.10225861378205127,-0.13837273230919472,-0.06321631602751902,64,0,0.04999998211860657,0.050000011920928955
