arm,seed,mae_h18_c,tensor_identity,windows
physics_only,0,1.7490026950836182,EXACT_ALL_FOUR_FIELDS,256
closure_cons,0,1.6560624837875366,EXACT_ALL_FOUR_FIELDS,256
closure_cons_norew,0,1.9397542476654053,EXACT_ALL_FOUR_FIELDS,256
physics_only,1,1.7425731420516968,EXACT_ALL_FOUR_FIELDS,256
closure_cons,1,1.5656739473342896,EXACT_ALL_FOUR_FIELDS,256
closure_cons_norew,1,1.937279224395752,EXACT_ALL_FOUR_FIELDS,256
physics_only,2,1.6661365032196045,EXACT_ALL_FOUR_FIELDS,256
closure_cons,2,1.5862488746643066,EXACT_ALL_FOUR_FIELDS,256
closure_cons_norew,2,1.7810546159744263,EXACT_ALL_FOUR_FIELDS,256
