列号,列名,分类
1,time,时间戳
2,#1磨煤机润滑油箱温度,制粉-磨煤机
3,4号磨煤机高温炉烟温度(选择后）,制粉-磨煤机
4,2号磨煤机高温炉烟流量(选择后）,制粉-磨煤机
5,1号磨煤机高温炉烟流量(选择后）,制粉-磨煤机
6,3号磨煤机高温炉烟流量(选择后）,制粉-磨煤机
7,5号磨煤机高温炉烟温度(选择后）,制粉-磨煤机
8,2号磨煤机高温炉烟温度(选择后）,制粉-磨煤机
9,3号磨煤机电度表,制粉-磨煤机
10,7号磨煤机高温炉烟温度(选择后）,制粉-磨煤机
11,6号磨煤机高温炉烟流量(选择后）,制粉-磨煤机
12,3号磨煤机高温炉烟温度(选择后）,制粉-磨煤机
13,5号磨煤机高温炉烟流量(选择后）,制粉-磨煤机
14,8号磨煤机高温炉烟流量(选择后）,制粉-磨煤机
15,6号磨煤机电度表,制粉-磨煤机
16,7号磨煤机电度表,制粉-磨煤机
17,7号磨煤机高温炉烟流量(选择后）,制粉-磨煤机
18,8号磨煤机高温炉烟温度(选择后）,制粉-磨煤机
19,6号磨煤机高温炉烟温度(选择后）,制粉-磨煤机
20,1号磨煤机高温炉烟温度(选择后）,制粉-磨煤机
21,4号磨煤机高温炉烟流量(选择后）,制粉-磨煤机
22,8号磨煤机电度表,制粉-磨煤机
23,4号磨煤机电度表,制粉-磨煤机
24,2号磨煤机电度表,制粉-磨煤机
25,三选后3号磨煤机出口温度,制粉-磨煤机
26,三选后2号磨煤机出口温度,制粉-磨煤机
27,三选后4号磨煤机出口温度,制粉-磨煤机
28,1号磨煤机出口温度2,制粉-磨煤机
29,三选后5号磨煤机出口温度,制粉-磨煤机
30,1号磨煤机电度表,制粉-磨煤机
31,5号磨煤机电度表,制粉-磨煤机
32,三选后6号磨煤机出口温度,制粉-磨煤机
33,1号磨煤机入口温度2,制粉-磨煤机
34,三选后2号磨煤机入口温度,制粉-磨煤机
35,三选后7号磨煤机出口温度,制粉-磨煤机
36,三选后4号磨煤机入口温度,制粉-磨煤机
37,#4磨煤机干燥风温度(处理后）,制粉-磨煤机
38,三选后3号磨煤机入口温度,制粉-磨煤机
39,三选后8号磨煤机出口温度,制粉-磨煤机
40,三选后6号磨煤机入口温度,制粉-磨煤机
41,#3磨煤机干燥风温度(处理后）,制粉-磨煤机
42,#5磨煤机干燥风温度(处理后）,制粉-磨煤机
43,三选后5号磨煤机入口温度,制粉-磨煤机
44,#6磨煤机干燥风温度(处理后）,制粉-磨煤机
45,三选后8号磨煤机入口温度,制粉-磨煤机
46,三选后7号磨煤机入口温度,制粉-磨煤机
47,#3磨煤机密封风风量,制粉-磨煤机
48,#2磨煤机干燥风温度(处理后）,制粉-磨煤机
49,#8磨煤机干燥风温度(处理后）,制粉-磨煤机
50,#7磨煤机干燥风温度(处理后）,制粉-磨煤机
51,#6磨煤机密封风风量,制粉-磨煤机
52,#1磨煤机干燥风温度(处理后）,制粉-磨煤机
53,#4磨煤机密封风风量,制粉-磨煤机
54,#1磨煤机密封风风量,制粉-磨煤机
55,#2磨煤机密封风风量,制粉-磨煤机
56,#7磨煤机密封风风量,制粉-磨煤机
57,#8磨煤机密封风风量,制粉-磨煤机
58,#5磨煤机密封风风量,制粉-磨煤机
59,#4磨煤机二次风干燥风量,制粉-磨煤机
60,#3磨煤机二次风干燥风量,制粉-磨煤机
61,#1磨煤机二次风干燥风量,制粉-磨煤机
62,#2磨煤机二次风干燥风量,制粉-磨煤机
63,2号磨煤机电流,制粉-磨煤机
64,4号磨煤机电流,制粉-磨煤机
65,#6磨煤机二次风干燥风量,制粉-磨煤机
66,3号磨煤机电流,制粉-磨煤机
67,#8磨煤机二次风干燥风量,制粉-磨煤机
68,1号磨煤机电流,制粉-磨煤机
69,7号磨煤机电流,制粉-磨煤机
70,6号磨煤机电流,制粉-磨煤机
71,1号磨煤机润滑油站滤网差压,制粉-磨煤机
72,3号给煤机瞬时煤量,制粉-给煤机
73,2号磨煤机润滑油站滤网差压,制粉-磨煤机
74,8号磨煤机电流,制粉-磨煤机
75,#7磨煤机二次风干燥风量,制粉-磨煤机
76,5号磨煤机电流,制粉-磨煤机
77,3号磨煤机润滑油站滤网差压,制粉-磨煤机
78,#5磨煤机二次风干燥风量,制粉-磨煤机
79,4号磨煤机润滑油站滤网差压,制粉-磨煤机
80,5号磨煤机润滑油站滤网差压,制粉-磨煤机
81,6号磨煤机润滑油站滤网差压,制粉-磨煤机
82,7号磨煤机润滑油过滤器差压,制粉-磨煤机
83,7号给煤机瞬时煤量,制粉-给煤机
84,1号给煤机瞬时煤量,制粉-给煤机
85,8号磨煤机润滑油站滤网差压,制粉-磨煤机
86,8号给煤机瞬时煤量,制粉-给煤机
87,4号给煤机瞬时煤量,制粉-给煤机
88,6号给煤机瞬时煤量,制粉-给煤机
89,2号给煤机瞬时煤量,制粉-给煤机
90,5号给煤机瞬时煤量,制粉-给煤机
91,1号磨煤机润滑供油压力,制粉-磨煤机
92,2号磨煤机润滑供油压力,制粉-磨煤机
93,#1角二次风调节挡板2反馈,风烟-配风挡板
94,3号磨煤机润滑供油压力,制粉-磨煤机
95,5号磨煤机润滑供油压力,制粉-磨煤机
96,#7磨煤机润滑供油压力,制粉-磨煤机
97,6号磨煤机润滑供油压力,制粉-磨煤机
98,#3角二次风调节挡板1位置反馈,风烟-配风挡板
99,4号磨煤机润滑供油压力,制粉-磨煤机
100,#5角二次风调节挡板1位置反馈,风烟-配风挡板
101,8号磨煤机润滑供油压力,制粉-磨煤机
102,#2角二次风调节挡板1位置反馈,风烟-配风挡板
103,#4角二次风调节挡板1位置反馈,风烟-配风挡板
104,#6角二次风调节挡板1位置反馈,风烟-配风挡板
105,#7角二次风调节挡板1位置反馈,风烟-配风挡板
106,#8角二次风调节挡板1位置反馈,风烟-配风挡板
107,#1角调节挡板位置反馈反馈,风烟-配风挡板
108,#2角二次风调节挡板2位置反馈,风烟-配风挡板
109,#4角二次风调节挡板2位置反馈,风烟-配风挡板
110,#1角EE层油配风挡板反馈,风烟-配风挡板
111,#7角二次风调节挡板2位置反馈,风烟-配风挡板
112,#3角EE层油配风挡板反馈,风烟-配风挡板
113,#5角EE层油配风挡板反馈,风烟-配风挡板
114,#3角二次风调节挡板2位置反馈,风烟-配风挡板
115,#8角二次风调节挡板2位置反馈,风烟-配风挡板
116,#7角EE层油配风挡板反馈,风烟-配风挡板
117,#5角二次风调节挡板2位置反馈,风烟-配风挡板
118,#1角二次风调节挡板3位置反馈,风烟-配风挡板
119,#6角二次风调节挡板2位置反馈,风烟-配风挡板
120,#3角CD层油配风挡板反馈,风烟-配风挡板
121,#1角CD层油配风挡板反馈,风烟-配风挡板
122,#5角CD层油配风挡板反馈,风烟-配风挡板
123,#5角二次风调节挡板3位置反馈,风烟-配风挡板
124,#7角CD层油配风挡板反馈,风烟-配风挡板
125,#2角EE层油配风挡板反馈,风烟-配风挡板
126,#2角二次风调节挡板3位置反馈,风烟-配风挡板
127,#3角二次风调节挡板3位置反馈,风烟-配风挡板
128,#6角二次风调节挡板3位置反馈,风烟-配风挡板
129,#4角二次风调节挡板3位置反馈,风烟-配风挡板
130,#1角AB层油配风挡板反馈,风烟-配风挡板
131,#6角CD层油配风挡板反馈,风烟-配风挡板
132,#5角AB层油配风挡板反馈,风烟-配风挡板
133,#7角二次风调节挡板3位置反馈,风烟-配风挡板
134,#2角CD层油配风挡板反馈,风烟-配风挡板
135,#8角二次风调节挡板3位置反馈,风烟-配风挡板
136,#6角EE层油配风挡板反馈,风烟-配风挡板
137,#4角EE层油配风挡板反馈,风烟-配风挡板
138,#8角CD层油配风挡板反馈,风烟-配风挡板
139,#8角EE层油配风挡板反馈,风烟-配风挡板
140,#2角AB层油配风挡板反馈,风烟-配风挡板
141,#4角CD层油配风挡板反馈,风烟-配风挡板
142,#7角AB层油配风挡板反馈,风烟-配风挡板
143,#4角AB层油配风挡板反馈,风烟-配风挡板
144,#3角燃尽风调节挡板4位置反馈,风烟-配风挡板
145,#6角AB层油配风挡板反馈,风烟-配风挡板
146,#8角AB层油配风挡板反馈,风烟-配风挡板
147,#3角AB层油配风挡板反馈,风烟-配风挡板
148,#5角燃尽风调节挡板4位置反馈,风烟-配风挡板
149,#2角燃尽风调节挡板4位置反馈,风烟-配风挡板
150,#1角燃尽风调节挡板4位置反馈,风烟-配风挡板
151,#4角燃尽风调节挡板4位置反馈,风烟-配风挡板
152,#6角燃尽风调节挡板4位置反馈,风烟-配风挡板
153,主蒸汽流量_60BKAO0312,汽水-过热主链
154,主蒸汽压力,汽水-过热主链
155,主蒸汽温度,汽水-过热主链
156,#7角燃尽风调节挡板4位置反馈,风烟-配风挡板
157,#8角燃尽风调节挡板4位置反馈,风烟-配风挡板
158,2号给煤机电流,制粉-给煤机
159,1号给煤机电流,制粉-给煤机
160,#6炉MNL4A混合溶液流量调节阀PID输出,脱硝-尿素NOx
161,#6炉MNL4B混合溶液流量调节阀PID输出,脱硝-尿素NOx
162,#6炉MNL4C混合溶液流量调节阀PID输出,脱硝-尿素NOx
163,#6炉MNL4D混合溶液流量调节阀PID输出,脱硝-尿素NOx
164,6号给煤机电流,制粉-给煤机
165,5号给煤机电流,制粉-给煤机
166,#6炉MNL4E混合溶液流量调节阀PID输出,脱硝-尿素NOx
167,7号给煤机电流,制粉-给煤机
168,1号给煤机转速,制粉-给煤机
169,#6炉MNL4F混合溶液流量调节阀PID输出,脱硝-尿素NOx
170,HFD组件来至6#炉2区尿素溶液流量调节阀反馈,脱硝-尿素NOx
171,4号给煤机电流,制粉-给煤机
172,HFD组件来至6#炉4区尿素溶液流量调节阀反馈,脱硝-尿素NOx
173,HFD组件来至6#炉1&3区尿素溶液流量调节阀反馈,脱硝-尿素NOx
174,3号给煤机电流,制粉-给煤机
175,#6炉MNL4A混合溶液流量调节阀反馈,脱硝-尿素NOx
176,8号给煤机电流,制粉-给煤机
177,#6炉MNL4B混合溶液流量调节阀反馈,脱硝-尿素NOx
178,#6炉MNL5C混合溶液流量调节阀反馈,脱硝-尿素NOx
179,8号给煤机转速,制粉-给煤机
180,7号给煤机转速,制粉-给煤机
181,#6炉MNL5D混合溶液流量调节阀反馈,脱硝-尿素NOx
182,2号给煤机转速,制粉-给煤机
183,3号给煤机转速,制粉-给煤机
184,6号给煤机转速,制粉-给煤机
185,#6炉MNL6E混合溶液流量调节阀反馈,脱硝-尿素NOx
186,#6炉MNL6F混合溶液流量调节阀反馈,脱硝-尿素NOx
187,4号给煤机转速,制粉-给煤机
188,5号给煤机转速,制粉-给煤机
189,机组负荷_GENERATOR_POWER,负荷-前馈
190,B侧反应器入口NO浓度_6HSA40CQ001X,脱硝-尿素NOx
191,#6炉MNL4B混合溶液流量,脱硝-尿素NOx
192,HFD组件来至6#炉2区尿素溶液流量,脱硝-尿素NOx
193,A侧反应器出口NO浓度_6HSA20CQ001X,脱硝-尿素NOx
194,A侧反应器入口NO浓度_6HSA10CQ001X,脱硝-尿素NOx
195,HFD组件来至6#炉1&3区尿素溶液流量(处理后）,脱硝-尿素NOx
196,三区尿素溶液流量(处理后）,脱硝-尿素NOx
197,B侧反应器出口NO浓度_6HSA50CQ001X,脱硝-尿素NOx
198,#6炉MNL4A混合溶液流量,脱硝-尿素NOx
199,#6炉MNL6E混合溶液流量,脱硝-尿素NOx
200,#6炉MNL5C混合溶液流量,脱硝-尿素NOx
201,四区尿素溶液流量,脱硝-尿素NOx
202,#6炉MNL5D混合溶液流量,脱硝-尿素NOx
203,#6炉MNL6F混合溶液流量,脱硝-尿素NOx
204,后墙垂直水冷壁吊挂管壁温10,炉膛-受热面
205,#6脱硫NOx浓度,脱硝-尿素NOx
206,前墙垂直水冷壁壁温10,炉膛-受热面
207,左侧墙螺旋管圈水冷壁壁温10,炉膛-受热面
208,前墙螺旋管圈水冷壁壁温10,炉膛-受热面
209,左侧墙垂直水冷壁壁温10,炉膛-受热面
210,后墙螺旋管圈水冷壁壁温10,炉膛-受热面
211,右侧墙垂直水冷壁壁温10,炉膛-受热面
212,三选后A侧烟气含氧量,烟气-氧量
213,右侧墙螺旋管圈水冷壁壁温10,炉膛-受热面
214,末级过热器36号屏1号管壁温,炉膛-受热面
215,后屏过热器11号屏1号管壁温,炉膛-受热面
216,后屏过热器20号屏29号管壁温,炉膛-受热面
217,烟气含氧量,烟气-氧量
218,三选后B侧烟气含氧量,烟气-氧量
219,末级过热器87号屏2号管壁温,炉膛-受热面
220,分隔屏4号屏78号管壁温,炉膛-受热面
221,1号磨煤机推力轴承X向振动,制粉-磨煤机
222,1号磨煤机出口压力1,制粉-磨煤机
223,3号磨煤机出口压力1,制粉-磨煤机
224,5号磨煤机出口压力1,制粉-磨煤机
225,2号磨煤机出口压力1,制粉-磨煤机
226,7号磨煤机出口压力1,制粉-磨煤机
227,6号磨煤机出口压力1,制粉-磨煤机
228,4号磨煤机出口压力1,制粉-磨煤机
229,1号磨煤机推力轴承Y向振动,制粉-磨煤机
230,8号磨煤机出口压力1,制粉-磨煤机
231,2号磨煤机推力轴承X向振动,制粉-磨煤机
232,2号磨煤机推力轴承Y向振动,制粉-磨煤机
233,3号磨煤机推力轴承X向振动,制粉-磨煤机
234,3号磨煤机推力轴承Y向振动,制粉-磨煤机
235,4号磨煤机推力轴承X向振动,制粉-磨煤机
236,4号磨煤机推力轴承Y向振动,制粉-磨煤机
237,6号磨煤机推力轴承Y向振动,制粉-磨煤机
238,6号磨煤机推力轴承X向振动,制粉-磨煤机
239,5号磨煤机推力轴承X向振动,制粉-磨煤机
240,5号磨煤机推力轴承Y向振动,制粉-磨煤机
241,7号磨煤机推力轴承X向振动,制粉-磨煤机
242,总二次风量,风烟-配风挡板
243,8号磨煤机推力轴承X向振动,制粉-磨煤机
244,汽水分离器出口过热度,汽水-过热主链
245,选择后右侧一过喷水减温器入口,汽水-过热主链
246,选择后左侧一过喷水减温器入口,汽水-过热主链
247,选择后的主给水流量,汽水-过热主链
248,未校正总煤量,燃料
249,7号磨煤机推力轴承Y向振动,制粉-磨煤机
250,选择后左侧一过喷水减温器出口,汽水-过热主链
251,8号磨煤机推力轴承Y向振动,制粉-磨煤机
252,选择后右侧一过喷水减温器出口,汽水-过热主链
253,BTU输出,燃料
254,过热器一级减温器A喷水调节阀主调输出,控制-设定与执行
255,过热器二级减温器A喷水调节阀主调输出,控制-设定与执行
256,过热器二级减温器B喷水调节阀主调输出,控制-设定与执行
257,选择后二级减温器右侧入口蒸汽,汽水-过热主链
258,选择后省煤器入口给水温度,汽水-过热主链
259,过热器一级减温器B喷水调节阀主调输出,控制-设定与执行
260,选择后左侧二过喷水减温器出口,汽水-过热主链
261,选择后二级减温器左侧入口蒸汽,汽水-过热主链
262,#56角燃烬风调节挡板位置反馈,风烟-配风挡板
263,选择后右侧二过喷水减温器出口,汽水-过热主链
264,#12角燃烬风调节挡板位置反馈,风烟-配风挡板
265,#78角燃烬风调节挡板位置反馈,风烟-配风挡板
266,#34角燃烬风调节挡板位置反馈,风烟-配风挡板
267,选择后省煤器出口给水温度,汽水-过热主链
268,AGC指令,负荷-前馈
269,三选后空预器出口联络管压力,风烟-空预器
270,A侧锅炉出口烟气氧量1,烟气-氧量
271,A侧锅炉出口烟气氧量2,烟气-氧量
272,炉膛与风箱差压低2,炉膛-受热面
273,A侧末级再热器入口烟气压力,烟气-烟温烟压
274,燃料主控输出,燃料
275,A侧锅炉出口烟气氧量3,烟气-氧量
276,立式低温再热器入口烟气温度(A),烟气-烟温烟压
277,B侧末级再热器入口烟气压力,烟气-烟温烟压
278,B侧锅炉出口烟气氧量1,烟气-氧量
279,B侧锅炉出口烟气氧量3,烟气-氧量
280,水平低温再热器入口烟气温度(A),烟气-烟温烟压
281,水平低温再热器入口烟气温度(B),烟气-烟温烟压
282,B侧锅炉出口烟气氧量2,烟气-氧量
283,空预器A出口温度,风烟-空预器
284,立式低温再热器入口烟气温度(B),烟气-烟温烟压
285,"#1,2角燃尽风调节挡板反馈",风烟-配风挡板
286,空预器B出口温度,风烟-空预器
287,"#3,4角燃尽风调节挡板反馈",风烟-配风挡板
288,A侧反应器入口烟气流量,脱硝-尿素NOx
289,空预器A出口烟气温度1,风烟-空预器
290,空预器A出口烟气温度2,风烟-空预器
291,B侧反应器入口烟气流量,脱硝-尿素NOx
292,A侧二次风量选择后,风烟-配风挡板
293,空预器A出口烟气温度3,风烟-空预器
294,空预器B出口烟气温度1,风烟-空预器
295,空预器B出口烟气温度2,风烟-空预器
296,"#5,6角燃尽风调节挡板反馈",风烟-配风挡板
297,空预器B出口烟气温度3,风烟-空预器
298,A侧反应器出口NH3浓度,脱硝-尿素NOx
299,B侧反应器出口NH3浓度,脱硝-尿素NOx
300,"#7,8角燃尽风调节挡板反馈",风烟-配风挡板
301,#7、#8角二次风量（选择后）,风烟-配风挡板
302,#3、#4角二次风量（选择后）,风烟-配风挡板
303,#5、#6角二次风量（选择后）,风烟-配风挡板
304,B侧二次风量选择后,风烟-配风挡板
305,#1、#2角二次风量（选择后）,风烟-配风挡板
306,A侧反应器入口NO浓度2,脱硝-尿素NOx
307,A侧反应器入口O2浓度,脱硝-尿素NOx
308,过热器二级减温器B喷水调节阀设定,控制-设定与执行
309,再热减温器A侧喷水调节门操作站设定,控制-设定与执行
310,再热减温器B侧喷水调节门操作站设定,控制-设定与执行
311,A侧入口温度,脱硝-尿素NOx
312,B侧反应器入口NO浓度2,脱硝-尿素NOx
313,再热器减温水母管温度,汽水-再热链
314,B侧反应器入口O2浓度,脱硝-尿素NOx
315,蒸汽吹灰B侧出口汽源温度,吹灰系统
316,引风机A控制输出,风烟-风机风量
317,蒸汽吹灰汽源入口母管压力,吹灰系统
318,蒸汽吹灰A侧出口汽源温度,吹灰系统
319,机组负荷变化率,负荷-前馈
320,引风机B控制输出,风烟-风机风量
321,B侧入口温度,脱硝-尿素NOx
322,过热器一级减温器A侧喷水调节门阀位反馈,控制-设定与执行
323,过热器二级减温器B侧喷水调节门阀位反馈,控制-设定与执行
324,过热器二级减温器A侧喷水调节门阀位反馈,控制-设定与执行
325,末级再热器入口集箱减温器A侧喷水调节门阀位反馈,控制-设定与执行
326,过热器一级减温器B侧喷水调节门阀位反馈,控制-设定与执行
327,主汽压力设定,控制-设定与执行
328,末级再热器入口集箱减温器B侧喷水调节门阀位反馈,控制-设定与执行
329,再热冷段蒸汽压力(DEH),汽水-再热链
330,再热蒸汽压力(DEH),汽水-再热链
331,高压缸排汽至再热器温度,汽水-再热链
332,四段打孔抽汽至中压辅汽蒸汽流量,汽水-过热主链
333,两选后右侧再热器一级减温入口汽温,汽水-再热链
334,左侧再热器减温器后蒸汽温度,汽水-再热链
335,选择后末级过热器左侧出口压力,汽水-过热主链
336,冷再热蒸汽至中压辅汽母管蒸汽流量_6LBC60CF001XA01_JS,汽水-再热链
337,两选后左侧再热器一级减温入口汽温,汽水-再热链
338,选择后左侧再热器入口蒸汽温度,汽水-再热链
339,6炉总排口NOX小时均值,脱硝-尿素NOx
340,三选后主蒸汽压力,汽水-过热主链
341,选择后右侧再热器入口蒸汽温度,汽水-再热链
342,选择后右侧再热事故减温出口温度,汽水-再热链
343,选择后左侧再热出口汽温,汽水-再热链
344,选择后左侧再热事故减温出口温度,汽水-再热链
345,空预器吹灰器程控步序,风烟-空预器
346,选择后右侧再热出口汽温,汽水-再热链
347,选择后末级过热器右侧出口压力,汽水-过热主链
348,空预器吹灰器程控时间,风烟-空预器
349,6号锅炉出口NOX含量,脱硝-尿素NOx
350,分离器贮水罐饱和温度,汽水-过热主链
351,滑压设定,控制-设定与执行
352,选择后左侧末级过热器出口汽温,汽水-过热主链
353,脱硝声波吹灰器程控步序,脱硝-尿素NOx
354,分离器出口温度3/4选择后,汽水-过热主链
355,分离器出口温度1/2选择后,汽水-过热主链
356,右侧再热器减温器后蒸汽温度,汽水-再热链
357,过热器二级减温器A喷水调节阀设定,控制-设定与执行
358,选择后分离器最终出口压力,汽水-过热主链
359,选择后右侧末级过热器出口汽温,汽水-过热主链
360,分离器最终出口温度,汽水-过热主链
361,脱硝蒸汽吹灰器程控步序,脱硝-尿素NOx
362,脱硝蒸汽吹灰器程控时间,脱硝-尿素NOx
363,主汽压力偏置,控制-设定与执行
364,目标负荷值,负荷-前馈
365,总风量指令,风烟-风机风量
366,氧量校正输出风量,风烟-风机风量
367,水煤比,燃料
368,左侧过热器出口蒸汽温度升速率,控制-设定与执行
369,校正后总燃料量,燃料
370,脱硝声波吹灰器程控时间,脱硝-尿素NOx
371,四段打孔抽汽至中压辅汽减温器前电动门反馈,控制-设定与执行
372,启动分离器出口温度升速率,控制-设定与执行
373,一级减A副调设定值,控制-设定与执行
374,一级减B副调设定值,控制-设定与执行
375,再热器减温水总流量,汽水-再热链
376,过热器减温水总流量,汽水-过热主链
377,右侧过热器出口蒸汽温度升速率,控制-设定与执行
